﻿plot;SR_Coleoptera;SR_Diptera;SR_Hemiptera;SR_Hymenoptera;SR_Lepidoptera;SR_Floricolous;SR_non_Floricolous;SR_Parasitoids;SR_non_Parasitoids;SR_Total;site;commune;county;alt;lat;lon;Type;type2;dieback.level;landscape;harvesting;harvesting2;prop.affaiblis.archi;classedep;prop.conda.archi;classedep2;nb.affaiblis.archi;nb.condamnes.archi;classe_depe;classe_depe_salv;propfir54ha;propfir315ha;propfir700ha;moy_050712_54ha;moy_050712_315ha;moy_050712_700ha;MEAN_SG_2005_54;STD_SG_2005_54;CV_SG_2005_54;MEAN_SG_2005_315;STD_SG_2005_315;CV_SG_2005_315;MEAN_SG_2005_700;STD_SG_2005_700;CV_SG_2005_700;MEAN_SG_2007_54;STD_SG_2007_54;CV_SG_2007_54;MEAN_SG_2007_315;STD_SG_2007_315;CV_SG_2007_315;MEAN_SG_2007_700;STD_SG_2007_700;CV_SG_2007_700;MEAN_SG_2012_54;STD_SG_2012_54;CV_SG_2012_54;MEAN_SG_2012_315;STD_SG_2012_315;CV_SG_2012_315;MEAN_SG_2012_700;STD_SG_2012_700;CV_SG_2012_700;MEAN_SG_2017_54;STD_SG_2017_54;CV_SG_2017_54;MEAN_SG_2017_315;STD_SG_2017_315;CV_SG_2017_315;MEAN_SG_2017_700;STD_SG_2017_700;CV_SG_2017_700;nb.auto.tree.sp.IBP;nb.strata.IBP;nb.snags.IBP;nb.logs.IBP;nb.TGB.IBP;densite.TGB.relasc;woodpecker.cavities.IBP;dendrotelms.IBP;cracks.IBP;sap.runs.IBP;bark.loss.IBP;polypores.IBP;stem.broken.IBP;crown.DW.IBP;epiphytes.IBP;root.buttress.concavity.IBP;trunk.rot.hole.IBP;base.rot.hole.IBP;cavity.IBP;divMH.IBP;divtot.dmh.relasc;raw.nb.TreM.bearing.trees.IBP;densite.arbres.DMH.relasc;densite.dmh.ha.relasc;openness.ibp;nb.aquatic.IBP;PC.ouv.densio;nb.strata.strati;Gtotviv.relasc;Gtotdead.relasc;prop_Gdead.relasc;nb.tree.sp.relasc;Gtot.relasc;Gtot.Abies.relasc;Gtot.autres.conif.relasc;Gtot.feuillus.relasc;Grel.abies.relasc;Grel.autresconif.relasc;Grel.feu.relasc;BMS.relasc;Bmtot.relasc;BMD.relasc;Bmtot.abies.relasc;propBM.abies.relasc;nb.BMS.relasc;nb.BMD.relasc;Bark.loss.relasc;Crown.deadwood.relasc;Dead.branches.relasc;Dead.top.relasc;Remaining.broken.limb.relasc;totalcrowndw.relasc;Dendrotelm.relasc;Heavy.resinosis.relasc;Sap.run.relasc;exsudate.relasc;Limb.breakage.relasc;Mistletoe.relasc;Annual.polypore.relasc;Perennial.polypore.relasc;Pulpy.agaric.relasc;sxchamp.relasc;Stem.breakage.relasc;Chimney.trunk.base.rot.hole.relasc;Semiopen.trunk.rot.hole.relasc;Midsized.woodpecker.breeding.cavity.relasc;Trunk.base.rot.hole.relasc;Trunk.rot.hole.relasc;cavity.relasc
ANC4B4;21;98;10;71;38;75;139;49;165;254;Aure;Ancizan;65;1365;42,874181;0,319408;Salvaged;4b;3high;high;yes;yes;0,90;high;5;high;18;1;high;salvaged;0,49;0,48;0,30;7,88;7,99;8,56;19,13;#N/A;0,43;12,55;#N/A;0,74;12,39;#N/A;0,70;0,75;#N/A;3,11;4,52;#N/A;1,23;6,16;#N/A;1,19;3,75;#N/A;1,13;6,90;#N/A;0,81;7,14;#N/A;0,80;4,88;#N/A;1,29;4,71;#N/A;1,39;5,22;#N/A;1,21;9;3;13;18;2;0;0;0;0;0;3;0;1;2;2;0;1;1;2;6;19;9;84,54;1348,14;50;0;26;3;32;6,00;0,16;1;53;53;0;0;100;0;0;56,98;132,71;75,72;132,71;1,00;27,1;10,78;106,4;0;17,36;35,72;0;53,08;0;0;4,89;4,89;0;205,63;11,52;165,16;0;176,68;0;0;0;7,57;13,77;23,38;45
ARD3B1;29;164;11;69;49;111;181;82;210;332;Aure;Jezeau;65;1079;42,919559;0,410271;Disturbed;3b;3high;high;no;no;0,95;high;30;high;19;6;high;high;0,60;0,50;0,38;5,95;4,41;4,55;8,86;#N/A;0,13;8,28;#N/A;0,36;8,18;#N/A;0,44;3,14;#N/A;0,57;1,03;#N/A;4,06;0,96;#N/A;5,09;5,86;#N/A;0,23;3,92;#N/A;1,32;4,50;#N/A;1,05;1,14;#N/A;1,09;-0,31;#N/A;16,21;2,96;#N/A;2,21;8;4;34;28;20;22,23;0;0;0;0;3;0;0;0;29;2;0;1;1;4;12;32;14,9;289,67;6,15;0;11,86;4;20;3,00;0,13;4;41;38;0;3;92,68;0;7,32;63,98;123,68;59,7;123,68;1,00;43,82;33,97;9,62;0;0;16,67;0;16,67;0;0;0;0;0;48,61;25,03;0;6,57;31,6;0;0;0;0;3,52;0;4
ARD3B2;26;146;9;88;23;110;155;59;206;311;Aure;Jezeau;65;980;42,921349;0,404254;Disturbed;3b;3high;high;no;no;0,95;high;5;high;19;1;high;high;0,58;0,52;0,39;6,33;4,73;4,46;9,13;#N/A;0,16;8,16;#N/A;0,35;8,10;#N/A;0,45;3,38;#N/A;0,53;0,97;#N/A;3,96;0,78;#N/A;5,66;6,50;#N/A;0,38;5,05;#N/A;0,67;4,49;#N/A;1,07;1,38;#N/A;1,54;0,87;#N/A;3,98;1,66;#N/A;3,59;9;4;11;13;9;13,42;0;2;0;0;2;0;1;1;26;4;1;0;1;7;14;33;21,12;455,97;0,4;1;10,4;4;24;1,00;0,04;5;30;21;0;9;70;0;30;43,99;61,89;17,9;32,99;0,53;18,43;6,88;6,62;0;30,57;0;0;30,57;0;0;0;0;5,05;8,26;56,81;62,78;5,09;124,68;0;0;0;0;0;0;0
ARR3A1;16;177;10;59;31;103;155;62;196;301;Aure;Heches;65;1322;42,99784;0,418086;Disturbed;3a;3high;low;no;no;0,95;high;10;high;19;2;high;high;0,03;0,29;0,28;3,73;3,76;3,55;6,40;#N/A;0,31;5,69;#N/A;0,50;5,39;#N/A;0,71;2,40;#N/A;1,70;2,76;#N/A;0,95;2,59;#N/A;1,18;2,40;#N/A;0,86;2,83;#N/A;1,10;2,67;#N/A;1,08;2,80;#N/A;0,42;-0,72;#N/A;3,84;-1,59;#N/A;1,56;5;4;28;29;10;21,91;0;0;1;1;0;2;1;5;0;3;6;8;14;8;21;24;161,64;953,01;30;0;9,98;3;38;10,00;0,21;4;72;43;5;24;59,72;6,94;33,33;92,98;198,88;105,91;189,88;0,95;52,54;44,21;110,27;0;40,08;42,24;10,67;92,99;67,22;0;0;0;38,12;0;59,09;75,26;0;134,35;6,03;0;0,69;0;28,29;61,7;91
ARR4B1;14;170;5;66;22;93;148;67;174;279;Aure;Heches;65;1263;42,993129;0,42357;Salvaged;4b;3high;high;yes;yes;0,95;high;5;high;19;1;high;salvaged;0,83;0,56;0,46;3,74;2,81;3,93;7,33;#N/A;0,36;4,98;#N/A;0,77;5,90;#N/A;0,84;2,11;#N/A;0,85;1,69;#N/A;1,76;2,26;#N/A;1,40;1,78;#N/A;0,91;1,78;#N/A;1,74;3,62;#N/A;1,43;-1,56;#N/A;1,69;-1,71;#N/A;1,64;-1,45;#N/A;1,84;5;4;14;19;33;33,81;0;0;0;0;18;0;2;0;0;15;0;0;0;3;15;28;43,18;448,17;15;1;31,2;3;27;0,00;0,00;1;34;34;0;0;100;0;0;12;16,5;4,5;16,5;1,00;6,14;16,99;91,89;0;13,47;0;0;13,47;0;5,37;0;5,37;0;3,01;0;32,82;3,01;35,83;8,42;0;0;0;4,29;4,29;9
BAR1A1;29;150;16;121;45;119;197;94;222;370;Aure;Ferrere;65;1285;42,929647;0,46629;Disturbed;1a;1healthy;low;na;na;0,70;high;0;low;14;0;medium;medium;0,58;0,48;0,46;7,46;9,88;11,47;10,38;#N/A;0,39;15,14;#N/A;0,63;19,10;#N/A;0,82;6,00;#N/A;1,22;6,12;#N/A;1,00;5,96;#N/A;1,38;6,00;#N/A;0,33;8,39;#N/A;0,73;9,36;#N/A;0,84;8,00;#N/A;0,35;6,80;#N/A;1,05;6,15;#N/A;1,07;4;4;9;13;16;16,5;0;0;0;0;6;1;0;1;0;2;3;1;4;6;13;11;82,99;408,38;15;0;36,19;3;30;0,00;0,00;2;41;38;0;3;92,68;0;7,32;21,99;27,99;6;26,99;0,96;30,19;3,52;160,39;0;3,52;0;0;3,52;2,07;5,52;0;5,52;0;0;0;15,49;9,82;25,31;0;0;0;0;0;0;0
BAR1A2;21;195;11;94;45;136;180;83;233;372;Aure;Ferrere;65;1350;42,923449;0,472266;Disturbed;1a;1healthy;low;na;na;0,80;high;0;low;16;0;medium;medium;1,00;0,73;0,59;8,03;9,33;9,37;9,80;#N/A;0,58;13,45;#N/A;0,81;13,36;#N/A;0,82;8,40;#N/A;0,75;6,98;#N/A;1,54;7,28;#N/A;1,44;5,90;#N/A;0,85;7,57;#N/A;1,14;7,48;#N/A;1,08;1,00;#N/A;5,39;4,27;#N/A;1,64;4,47;#N/A;1,47;3;4;4;11;12;16,03;0;0;0;0;3;0;0;0;0;5;1;3;4;4;10;8;52,29;357,23;6,7;1;24,96;3;22;0,00;0,00;2;26;24;0;2;92,31;0;7,69;5;8;3;2;0,25;3,78;10,62;72,99;0;10,18;0;0;10,18;0;0;0;0;0;0;0;0;0;0;0;0;0;0;5,51;15,91;21
BAR1A3;31;178;8;105;37;124;197;91;230;370;Aure;Ferrere;65;1240;42,924465;0,482811;Healthy;1a;1healthy;low;na;na;0,60;low;0;low;12;0;low;medium;0,99;0,80;0,68;4,27;6,58;6,63;7,00;#N/A;0,69;9,30;#N/A;0,46;9,21;#N/A;0,77;5,40;#N/A;0,92;6,00;#N/A;1,38;6,35;#N/A;1,53;0,40;#N/A;8,53;4,44;#N/A;1,06;4,31;#N/A;1,21;2,70;#N/A;0,83;3,98;#N/A;1,38;3,26;#N/A;1,77;4;4;8;13;21;28,39;0;0;0;0;12;1;1;1;0;8;2;8;10;7;16;29;76,7;496,79;18,6;1;14,98;4;35;0,00;0,00;2;41;33;0;8;80,49;0;19,51;16;19,49;3,5;13,5;0,69;7,86;9,21;74,92;0;1,77;1,68;0;3,45;12,57;0;2,6;2,6;0;1,25;0;49,2;0;49,2;5,35;0;0;0;67,59;8,89;76
BARE2B1;15;206;17;79;33;124;184;82;226;363;Aure;Bareilles;65;1570;42,904095;0,433298;Disturbed;2b;2low;high;no;na;1,00;high;10;high;20;2;high;high;0,80;0,72;0,63;8,24;4,72;5,65;9,57;#N/A;0,64;6,94;#N/A;0,75;8,88;#N/A;0,69;6,14;#N/A;0,68;2,45;#N/A;2,31;3,45;#N/A;2,04;9,00;#N/A;1,22;4,75;#N/A;1,37;4,64;#N/A;1,20;13,00;#N/A;0,86;5,38;#N/A;1,79;5,20;#N/A;1,73;3;3;10;12;9;13,3;0;1;0;0;19;0;1;1;0;0;2;2;4;6;14;22;58,15;473,36;0;0;16,22;4;28;1,00;0,03;1;38;38;0;0;100;0;0;70,98;86,05;15,07;86,05;1,00;13,23;11,38;85,84;0;0;0;0;0;0;8,72;0;8,72;0;37,98;52,15;31,17;6,02;89,34;9,06;0;0;0;39,52;10,6;50
BARE2B2;21;135;10;53;23;83;131;58;156;249;Aure;Bareilles;65;1509;42,899163;0,439834;Disturbed;2b;2low;high;no;na;0,95;high;5;high;19;1;high;high;0,91;0,70;0,61;6,47;7,51;6,59;8,60;#N/A;0,88;11,28;#N/A;0,64;10,52;#N/A;0,69;4,30;#N/A;0,54;5,48;#N/A;1,63;4,44;#N/A;2,04;6,50;#N/A;0,90;5,76;#N/A;1,23;4,82;#N/A;1,24;6,30;#N/A;1,08;6,94;#N/A;1,18;5,75;#N/A;1,46;3;3;6;22;3;5,93;1;0;0;0;20;0;0;1;0;0;1;1;3;5;15;22;37,8;822,26;4;0;6,66;3;36;3,00;0,08;4;48;39;0;9;81,25;0;18,75;36,49;75,58;39,09;60,09;0,80;0;9,3;38,06;0;37,54;0;0;37,54;0;0;0;0;0;60,51;40,73;48,12;0;88,85;0;0;0;0;0;37,54;38
BELGL1A7;32;162;7;77;50;107;194;67;234;340;Sault;Belesta;9;849;42,87164996;1,960394969;Healthy;1a;1healthy;low;na;na;0,40;low;0;low;8;0;low;low;1,00;0,99;0,79;3,92;3,30;3,59;3,33;#N/A;0,55;2,75;#N/A;0,74;3,22;#N/A;1,15;2,75;#N/A;0,60;2,93;#N/A;0,79;3,35;#N/A;0,78;5,67;#N/A;0,38;4,21;#N/A;0,64;4,20;#N/A;0,87;1,58;#N/A;1,58;0,18;#N/A;16,09;0,09;#N/A;39,85;3;4;0;8;21;23,45;0;0;0;0;7;0;0;0;0;14;0;2;2;3;8;23;34,04;476,12;35;0;27,04;3;38;0,00;0,00;1;42;42;0;0;100;0;0;7,5;10,5;3;10,5;1,00;18,31;0;68,09;0;0;0;0;0;0;0;0;0;0;18,08;0;0;0;0;0;0;0;0;0;0;0
BELGL1B5;26;181;11;69;46;115;198;74;239;349;Sault;Belesta;9;888;42,87634701;1,981020989;Healthy;1b;1healthy;high;na;na;0,45;low;0;low;9;0;low;low;0,73;0,72;0,67;5,42;3,99;3,91;3,27;#N/A;0,49;2,44;#N/A;0,92;2,48;#N/A;0,84;5,09;#N/A;0,68;3,96;#N/A;0,80;3,54;#N/A;0,75;7,91;#N/A;0,40;5,58;#N/A;0,61;5,71;#N/A;0,72;0,45;#N/A;3,30;-0,29;#N/A;8,28;-0,12;#N/A;19,26;7;4;1;15;7;15,47;0;0;0;0;3;0;1;0;1;3;0;0;0;4;7;7;77,79;695,61;22,7;0;26,42;4;30;0,00;0,00;4;37;26;7;4;70,27;18,92;10,81;18,5;18,5;0;3,5;0,19;15,34;0;198,46;0;15,48;0;0;15,48;0;0;0;0;0;21,3;0;0;0;0;0;0;0;0;0;0;0
BELGL1B6;33;195;10;98;42;133;202;74;261;389;Sault;Belesta;9;859;42,87612498;1,967298975;Healthy;1b;1healthy;high;na;na;0,50;low;0;low;10;0;low;low;1,00;0,94;0,80;5,23;4,60;4,13;3,30;#N/A;0,19;2,95;#N/A;0,61;2,70;#N/A;0,80;4,80;#N/A;0,32;4,14;#N/A;0,58;3,72;#N/A;0,71;7,60;#N/A;0,20;6,72;#N/A;0,53;5,98;#N/A;0,80;1,60;#N/A;1,35;0,59;#N/A;4,88;-0,05;#N/A;52,59;7;4;1;6;8;16,31;0;0;0;0;2;1;0;0;2;2;1;0;1;5;10;8;0;455,78;35,7;0;10,61;3;36;1,00;0,03;2;44;40;0;4;90,91;0;9,09;34,99;45,45;10,46;45,45;1,00;21,19;0;0;0;0;0;0;0;0;0;0;0;0;31,85;14,43;0;7,22;21,65;0;0;0;0;0;0;0
BELGL2B1;29;101;8;70;24;70;138;39;169;243;Sault;Belesta;9;954;42,87928102;1,97484998;Healthy;2b;2low;high;no;na;0,35;low;0;low;7;0;low;low;1,00;0,88;0,75;7,04;5,24;4,52;4,56;#N/A;0,42;2,70;#N/A;0,73;2,51;#N/A;0,78;7,56;#N/A;0,43;4,85;#N/A;0,52;4,07;#N/A;0,62;9,00;#N/A;0,29;8,17;#N/A;0,51;6,98;#N/A;0,62;1,67;#N/A;1,17;0,88;#N/A;2,44;0,59;#N/A;4,28;5;4;6;5;10;9,33;0;0;0;0;1;1;0;0;10;1;1;2;3;6;13;12;13,1;948,84;12,2;0;8,74;2;39;2,00;0,05;1;42;42;0;0;100;0;0;14;35,18;21,19;35,18;1,00;0;3,42;15,14;0;0;0;0;0;0;0;0;0;0;10,5;18,6;0;0;18,6;11,05;0;0;0;11,05;0;11
BELGL3A8;20;68;2;51;22;59;88;41;106;166;Sault;Belesta;9;861;42,87449604;1,948642032;Disturbed;3a;3high;low;no;no;0,75;high;10;high;15;2;high;medium;0,65;0,81;0,68;4,10;3,25;3,23;5,00;#N/A;0,51;2,88;#N/A;0,80;2,63;#N/A;0,88;4,00;#N/A;0,55;3,60;#N/A;0,55;3,44;#N/A;0,59;3,30;#N/A;0,68;3,28;#N/A;0,66;3,62;#N/A;0,90;-2,10;#N/A;0,78;-0,64;#N/A;4,47;-0,57;#N/A;5,12;9;4;8;16;2;5,14;0;0;0;1;9;0;1;0;2;0;0;0;0;4;6;13;22,78;347,96;60;0;29,12;3;18;0,00;0,00;1;27;27;0;0;100;0;0;18,99;19,99;1;19,99;1,00;17,38;6,88;45,57;0;0;0;0;0;0;0;0;0;0;96,79;0;0;0;0;0;0;0;0;0;0;0
BELGL3B4;20;129;6;66;22;84;134;46;172;249;Sault;Belesta;9;945;42,88156198;1,97107804;Disturbed;3b;3high;high;no;no;0,65;high;35;high;13;7;high;high;0,98;0,80;0,80;5,52;5,87;4,63;3,56;#N/A;0,42;2,81;#N/A;0,65;2,39;#N/A;0,78;6,00;#N/A;0,24;5,26;#N/A;0,41;4,47;#N/A;0,48;7,00;#N/A;0,16;9,53;#N/A;0,44;7,03;#N/A;0,58;0,11;#N/A;9,90;1,52;#N/A;1,44;0,48;#N/A;5,49;7;4;5;14;8;4,38;0;0;0;0;4;1;0;3;3;7;0;0;0;5;10;16;13,32;372,9;1;0;16,22;4;25;0,00;0,00;3;27;24;0;3;88,89;0;11,11;13;13;0;13;1,00;0;0;22,67;0;0;0;0;0;0;0;0;0;0;21,16;0;23,62;0;23,62;0;0;0;0;0;0;0
BELGL4B3;15;111;3;35;11;55;101;38;118;178;Sault;Belesta;9;1017;42,88268901;1,977279978;Salvaged;4b;3high;high;yes;yes;0,30;low;5;high;6;1;medium;salvaged;1,00;0,84;0,76;6,42;5,58;4,51;3,55;#N/A;0,57;2,79;#N/A;0,67;2,19;#N/A;0,82;6,00;#N/A;0,30;5,25;#N/A;0,41;4,20;#N/A;0,55;9,73;#N/A;0,34;8,70;#N/A;0,46;7,15;#N/A;0,56;1,82;#N/A;0,87;1,19;#N/A;1,43;0,70;#N/A;3,48;7;4;3;13;11;16,27;0;0;0;0;5;0;1;0;0;1;1;0;1;4;10;6;12,03;732,1;44;0;11,65;3;35;1,00;0,03;3;37;33;0;4;89,19;0;10,81;2;10,45;8,45;10,45;1,00;4,37;0;19,64;0;4,41;0;0;4,41;0;0;0;0;0;0;0;0;0;0;0;0;0;0;0;0;0
BEY2B1;16;169;4;69;32;96;163;73;186;300;Aure;Beyrede_Jumet;65;1557;42,950613;0,327196;Healthy;2b;2low;high;no;na;0,55;low;0;low;11;0;low;medium;0,86;0,65;0,56;7,25;7,20;7,67;11,50;#N/A;0,41;10,29;#N/A;0,44;10,68;#N/A;0,51;7,13;#N/A;1,30;5,73;#N/A;1,18;4,94;#N/A;1,24;3,13;#N/A;1,02;5,59;#N/A;0,81;7,39;#N/A;0,78;-1,38;#N/A;1,89;1,15;#N/A;3,79;2,32;#N/A;2,13;6;4;16;12;19;34,39;0;0;0;0;1;0;0;0;0;8;3;6;9;4;19;14;21,3;190,98;9,6;1;48,05;2;22;1,00;0,04;1;30;30;0;0;100;0;0;25,99;44,98;18,99;44,98;1,00;4,59;15,64;8,44;0;3,98;3,79;0;7,77;2,55;0;0;0;0;3,22;4,78;3,79;2,39;10,96;3,79;0;0;0;23,85;0;24
BEY4B3;16;107;6;50;27;65;114;45;134;210;Aure;Beyrede_Jumet;65;1481;42,959642;0,312486;Salvaged;4b;3high;high;yes;yes;0,95;high;5;high;19;1;high;salvaged;0,67;0,57;0,51;11,00;9,27;9,67;15,14;#N/A;0,32;13,89;#N/A;0,44;15,03;#N/A;0,58;2,00;#N/A;1,44;4,27;#N/A;1,32;5,47;#N/A;1,20;15,86;#N/A;0,58;9,67;#N/A;0,74;8,52;#N/A;0,80;5,00;#N/A;0,30;1,49;#N/A;2,27;1,46;#N/A;2,74;2;4;12;26;13;33,67;0;0;0;0;10;0;0;0;0;1;0;4;4;3;13;12;37,48;353,39;35;0;29,33;4;25;1,00;0,04;1;38;38;0;0;100;0;0;28,99;54,89;25,9;54,89;1,00;15,7;13,62;41,92;0;0;0;0;0;0;0;0;0;0;13,97;0;7,31;0;7,31;0;0;0;0;42,38;0;42
CAD3B1;19;169;12;149;52;129;217;86;260;411;Aure;Cadeac;65;1320;42,900214;0,320227;Disturbed;3b;3high;high;no;no;0,95;high;10;high;19;2;high;high;0,94;0,74;0,48;3,08;4,05;5,09;8,88;#N/A;0,55;7,63;#N/A;0,64;8,62;#N/A;0,63;0,38;#N/A;5,95;1,92;#N/A;2,08;3,11;#N/A;1,32;0,00;#N/A;0,00;2,59;#N/A;1,22;3,54;#N/A;1,04;0,38;#N/A;8,94;0,43;#N/A;6,70;1,90;#N/A;2,17;6;4;11;16;5;2,75;0;0;0;0;7;0;3;0;0;3;0;3;3;4;17;14;26,27;467,07;20;0;33,49;3;16;2,00;0,11;2;29;28;0;1;96,55;0;3,45;35,99;67,59;31,6;67,59;1,00;11,42;16,92;54,76;0;0;0;0;0;0;10,55;0;10,55;0;44,79;79,82;32,89;22,35;135,06;6,84;0;0;0;12,03;6,84;19
CAD4B2;27;140;6;88;41;110;158;81;187;314;Aure;Cadeac;65;1372;42,895868;0,324983;Salvaged;4b;3high;high;yes;yes;0,95;high;0;low;19;0;medium;salvaged;0,77;0,59;0,49;4,15;5,31;4,64;8,33;#N/A;0,49;8,44;#N/A;0,47;7,47;#N/A;0,57;2,33;#N/A;1,83;3,94;#N/A;1,05;2,94;#N/A;1,30;1,78;#N/A;1,65;3,56;#N/A;0,99;3,52;#N/A;0,90;-2,78;#N/A;0,96;1,40;#N/A;2,74;1,16;#N/A;2,77;4;4;17;35;12;19,84;0;0;0;0;19;0;3;0;0;1;0;0;0;3;16;21;81,84;910,42;25;0;42,02;3;25;1,00;0,04;1;64;64;0;0;100;0;0;145,46;167,2;21,74;167,2;1,00;73,08;23,59;157,14;2,26;7,57;0;0;9,83;0;0;0;0;0;33,76;3,14;5,84;29,24;38,22;28,78;0;0;0;0;0;0
COL1A2;26;92;12;56;33;81;126;49;158;233;Sault;Rivel;11;895,9;42,88372301;2,006099978;Healthy;1a;1healthy;low;na;na;0,30;low;0;low;6;0;low;low;0,84;0,88;0,87;3,40;3,21;3,51;2,80;#N/A;0,52;2,34;#N/A;0,57;2,32;#N/A;0,68;3,90;#N/A;0,37;3,57;#N/A;0,44;3,78;#N/A;0,50;3,50;#N/A;0,45;3,71;#N/A;0,49;4,43;#N/A;0,51;-1,70;#N/A;0,87;-1,21;#N/A;1,27;-0,47;#N/A;4,31;10;4;0;5;26;35,02;0;0;0;0;2;0;1;0;2;10;0;0;0;4;12;14;13,7;726,55;4,6;0;10,61;4;48;1,00;0,02;1;50;50;0;0;100;0;0;2;12,94;10,94;12,94;1,00;2,2;0;20,78;0;6,62;0;0;6,62;0;0;0;0;0;0,35;0;24,05;9,82;33,87;0;0;0;0;0;0;0
COM1B1;22;96;5;71;30;80;133;50;163;236;Sault;Roquefeuil;11;883,7;42,87717196;2,014603;Healthy;1b;1healthy;high;na;na;0,20;low;0;low;4;0;low;low;0,87;0,87;0,87;4,33;4,63;4,49;2,80;#N/A;0,59;3,54;#N/A;0,60;3,38;#N/A;0,58;4,70;#N/A;0,27;5,32;#N/A;0,30;5,15;#N/A;0,37;5,50;#N/A;0,64;5,02;#N/A;0,48;4,94;#N/A;0,49;1,80;#N/A;1,13;1,34;#N/A;1,89;1,28;#N/A;2,46;5;4;3;6;20;34,77;0;0;0;1;1;0;0;0;4;3;0;1;1;5;12;10;18,09;811,08;3,8;0;5,82;4;56;3,00;0,05;3;65;56;0;9;86,15;0;13,85;21,99;53,53;31,53;49,53;0,93;13,55;3,21;0;0;36,17;0;0;36,17;0;0;0;0;0;3,42;5,51;20,18;0;25,69;0;0;0;0;0;0;0
COM1B2;33;160;13;48;42;104;157;64;197;309;Sault;Espezel;11;911,4;42,87125803;2,029968034;Healthy;1b;1healthy;high;na;na;0,15;low;0;low;3;0;low;low;0,89;0,78;0,77;5,44;5,15;4,99;4,11;#N/A;0,44;3,71;#N/A;0,69;3,92;#N/A;0,58;6,22;#N/A;0,26;5,69;#N/A;0,41;5,54;#N/A;0,37;6,00;#N/A;0,22;6,05;#N/A;0,46;5,53;#N/A;0,49;4,78;#N/A;0,72;4,78;#N/A;0,77;3,02;#N/A;1,19;8;4;2;7;2;0;0;0;0;0;4;0;1;0;0;5;0;0;0;3;7;9;43,76;891,32;5,3;0;16,85;4;39;3,00;0,07;3;48;37;10;1;77,08;20,83;2,08;22,49;22,49;0;16;0,71;29,63;0;61,84;0;25,67;0;0;25,67;0;0;0;0;0;3,11;0;117,06;0;117,06;0;0;0;0;0;0;0
COM2B1;31;98;5;55;37;77;140;48;169;240;Sault;Roquefeuil;11;943,3;42,878847;2,001936017;Healthy;2b;2low;high;no;na;0,35;low;0;low;7;0;low;low;0,94;0,80;0,74;2,44;3,08;3,39;1,44;#N/A;0,81;2,51;#N/A;0,63;2,63;#N/A;0,68;2,33;#N/A;0,64;3,20;#N/A;0,56;3,60;#N/A;0,57;3,56;#N/A;0,44;3,54;#N/A;0,61;3,93;#N/A;0,59;-1,22;#N/A;1,00;-0,86;#N/A;2,08;-0,20;#N/A;12,80;12;3;0;8;1;5,76;0;0;0;0;1;0;0;0;1;0;0;0;0;2;11;2;10,18;724,28;4,7;0;13,1;4;50;3,00;0,06;1;53;53;0;0;100;0;0;6,5;6,5;0;6,5;1,00;20,47;0;20,37;0;0;0;0;0;0;0;0;0;0;97,46;0;15,14;0;15,14;0;0;0;0;0;0;0
COM3B2;31;176;5;62;56;106;194;63;237;344;Sault;Espezel;11;931,6;42,87481598;2,02084098;Disturbed;3b;3high;high;no;no;0,90;high;40;high;18;8;high;high;0,95;0,85;0,82;5,93;5,18;4,91;5,10;#N/A;0,57;3,78;#N/A;0,56;3,76;#N/A;0,57;6,60;#N/A;0,30;6,00;#N/A;0,29;5,58;#N/A;0,32;6,10;#N/A;0,27;5,76;#N/A;0,40;5,40;#N/A;0,50;3,30;#N/A;0,61;3,28;#N/A;1,09;2,34;#N/A;1,53;8;4;10;10;0;0;0;1;1;0;4;1;3;2;2;0;0;0;0;7;14;11;86,41;1558,4;3,1;0;22,46;3;26;0,00;0,00;3;45;31;0;14;68,89;0;31,11;53,99;79,98;25,99;79,98;1,00;0;0;101,95;0;0;13,15;0;13,15;78,57;0;0;0;0;108,66;170,49;78,57;0;249,06;0;0;57,73;0;0;0;58
COM4B1.1;29;132;10;51;33;97;140;59;178;273;Sault;Belvis;11;1010,1;42,85942798;2,046498992;Salvaged;4b;3high;high;yes;yes;0,50;low;0;low;10;0;low;salvaged;0,80;0,61;0,53;6,11;4,82;4,19;7,11;#N/A;0,30;4,74;#N/A;0,55;4,05;#N/A;0,65;6,78;#N/A;0,37;5,19;#N/A;0,49;4,63;#N/A;0,52;4,44;#N/A;0,55;4,54;#N/A;0,41;3,89;#N/A;0,46;0,22;#N/A;9,67;1,11;#N/A;1,89;1,17;#N/A;2,07;8;4;7;12;6;0;0;0;0;0;7;0;1;0;8;5;0;1;1;5;10;19;61,1;586,44;4,15;0;16,43;3;38;0,00;0,00;3;41;37;0;4;90,24;0;9,76;6;6;0;6;1,00;7,91;0;40,31;0;14,74;9,41;0;24,15;0;0;0;0;0;118,32;0;0;0;0;0;0;0;0;0;57,73;58
COMU1A1;19;165;5;55;25;87;147;65;169;273;Sault;Comus;11;1314,7;42,83973796;1,891504023;Disturbed;1a;1healthy;low;na;na;0,70;high;0;low;14;0;medium;medium;0,98;0,77;0,68;0,81;1,92;2,09;0,44;#N/A;3,69;0,74;#N/A;3,71;1,27;#N/A;2,20;0,33;#N/A;6,78;3,69;#N/A;1,04;3,54;#N/A;1,00;1,67;#N/A;0,89;1,32;#N/A;1,79;1,47;#N/A;1,94;0,22;#N/A;7,58;-0,82;#N/A;3,43;-1,30;#N/A;2,23;8;4;3;15;2;4,94;0;0;0;0;4;0;0;0;0;2;0;0;0;2;13;6;68,37;725,57;6,94;0;19,76;2;39;2,00;0,05;2;51;50;1;0;98,04;1,96;0;62,98;84,22;21,24;84,22;1,00;18,68;3,92;13,15;0;92,19;0;0;92,19;0;0;0;0;0;69,44;24,86;19,64;0;44,5;43,43;0;0;7,84;0;0;8
COMU2A1;34;129;6;86;36;98;161;56;203;296;Sault;Belcaire;11;1211,1;42,832367;1,925697997;Disturbed;2a;2low;low;no;na;0,85;high;0;low;17;0;medium;medium;1,00;0,90;0,76;2,83;2,41;3,73;2,75;#N/A;0,40;3,44;#N/A;0,52;5,20;#N/A;0,64;3,42;#N/A;0,30;2,15;#N/A;1,05;3,45;#N/A;0,75;2,33;#N/A;0,79;1,65;#N/A;1,34;2,53;#N/A;1,02;-1,50;#N/A;0,79;-1,83;#N/A;1,26;0,53;#N/A;8,60;7;2;12;10;0;0;0;0;0;0;2;0;2;0;0;1;0;0;0;3;12;5;11,01;2197,14;9,8;0;16,22;3;46;12,00;0,21;2;89;82;0;7;92,13;0;7,87;116,97;258,45;141,48;258,45;1,00;5,09;25,01;22,02;0;0;0;0;0;0;0;0;0;0;108,91;56,94;360,03;0;416,97;0;0;0;34,92;0;0;35
COMU2A2;33;160;9;78;43;104;183;62;225;332;Sault;Belcaire;11;1048,5;42,83322497;1,930995025;Disturbed;2a;2low;low;no;na;0,55;low;5;high;11;1;medium;medium;0,99;0,81;0,76;3,30;3,51;3,63;3,67;#N/A;0,63;4,53;#N/A;0,63;5,19;#N/A;0,61;3,56;#N/A;0,46;3,47;#N/A;0,73;3,48;#N/A;0,74;2,67;#N/A;0,61;2,54;#N/A;0,91;2,24;#N/A;0,97;-1,67;#N/A;0,85;-0,37;#N/A;10,39;-0,06;#N/A;61,80;9;4;3;33;7;4,64;0;0;0;0;14;0;1;0;1;2;0;2;2;5;8;17;72,25;474,53;27;0;20,8;4;36;12,00;0,25;1;55;55;0;0;100;0;0;84,98;84,98;0;84,98;1,00;57,37;0;159,4;0;0;0;0;0;0;0;0;0;0;99,03;0;31,17;0;31,17;0;0;0;0;9,79;0;10
COMU3A1;25;176;7;83;53;121;186;76;231;352;Sault;Belcaire;11;1173,8;42,82888298;1,936598998;Disturbed;3a;3high;low;no;no;0,80;high;20;high;16;4;high;high;1,00;0,96;0,70;5,19;4,27;3,94;6,11;#N/A;0,45;6,11;#N/A;0,57;5,70;#N/A;0,60;5,67;#N/A;0,35;4,00;#N/A;0,60;3,57;#N/A;0,68;3,78;#N/A;0,27;2,70;#N/A;0,78;2,54;#N/A;0,86;-0,33;#N/A;2,83;-1,26;#N/A;2,75;-0,18;#N/A;22,96;8;3;8;18;0;0;0;0;0;0;3;0;0;0;0;2;0;1;1;3;16;6;43,86;538,47;8,6;0;22,46;3;23;1,00;0,04;3;50;47;0;3;94;0;6;81,98;98,77;16,79;93,77;0,95;57,29;20,7;77,93;0;0;9,79;0;9,79;9,41;0;0;0;0;73,74;9,06;47,85;0;56,91;0;0;0;0;0;18,83;19
COMU3B1;14;51;4;41;31;49;81;23;107;149;Sault;Belcaire;11;1108,8;42,83363703;1,941627972;Disturbed;3b;3high;high;no;no;0,80;high;40;high;16;8;high;high;0,92;0,74;0,76;5,20;4,72;3,84;6,50;#N/A;0,43;6,54;#N/A;0,50;5,25;#N/A;0,57;5,40;#N/A;0,32;4,56;#N/A;0,39;3,81;#N/A;0,55;3,70;#N/A;0,44;3,06;#N/A;0,59;2,44;#N/A;0,88;-0,20;#N/A;14,11;0,92;#N/A;4,67;0,25;#N/A;15,10;11;4;6;11;1;5,43;0;0;2;0;6;0;0;3;0;2;0;0;0;4;10;7;60,57;442,18;6,17;0;16,02;4;24;1,00;0,04;3;41;39;0;2;95,12;0;4,88;45,99;59,06;13,07;56,06;0,95;26,48;8,09;108,78;0;29,95;0;0;29,95;0;0;0;0;0;76,42;0;20,61;0;20,61;13,77;0;0;0;5,51;0;6
COMU4B1.1;32;197;9;125;42;133;228;85;276;412;Sault;Comus;11;1355,2;42,82936603;1,899303971;Salvaged;4b;3high;high;yes;yes;0,95;high;5;high;19;1;high;salvaged;0,82;0,81;0,72;3,15;2,99;2,94;4,44;#N/A;0,76;4,10;#N/A;0,81;3,90;#N/A;0,78;3,89;#N/A;0,75;2,63;#N/A;1,09;2,52;#N/A;1,05;1,11;#N/A;1,67;2,23;#N/A;1,61;2,41;#N/A;1,26;-1,78;#N/A;1,32;0,85;#N/A;7,05;0,58;#N/A;7,74;3;4;11;14;0;8,68;0;0;0;0;13;0;0;0;0;2;2;0;2;3;11;16;119,92;895,93;8,5;0;26,42;4;27;2,00;0,07;2;37;34;0;3;91,89;0;8,11;26,99;52,87;25,88;52,87;1,00;10,62;8,42;357,92;0;0;0;0;0;0;0;0;0;0;80,6;0;61,9;5,52;67,42;0;0;0;0;0;48,12;48
COMU4B1.3;24;245;8;112;52;150;244;106;288;453;Sault;Comus;11;1315,5;42,83054503;1,910898993;Salvaged;4b;3high;high;yes;yes;0,75;high;0;low;15;0;medium;salvaged;0,81;0,83;0,79;3,15;2,99;2,94;4,44;#N/A;0,76;4,10;#N/A;0,81;3,90;#N/A;0,78;3,89;#N/A;0,75;2,63;#N/A;1,09;2,52;#N/A;1,05;1,11;#N/A;1,67;2,23;#N/A;1,61;2,41;#N/A;1,26;-1,78;#N/A;1,32;0,85;#N/A;7,05;0,58;#N/A;7,74;3;4;1;16;2;0;0;0;0;0;10;0;1;1;0;4;0;1;1;5;8;12;21,99;336,66;8,5;0;11,86;3;18;2,00;0,10;1;27;27;0;0;100;0;0;32,99;32,99;0;32,99;1,00;7,22;0;56,15;0;0;0;0;0;0;7,96;0;7,96;0;16,87;0;8,42;0;8,42;19,64;0;0;0;0;0;0
FOU1A1;42;129;13;78;38;105;160;74;191;316;Sault;Fougax_et_Barrineuf;9;705;42,86463599;1,91310796;Healthy;1a;1healthy;low;na;na;0,35;low;0;low;7;0;low;low;0,83;0,79;0,67;0,60;1,39;1,63;-0,60;#N/A;1,53;0,07;#N/A;25,23;0,22;#N/A;9,07;1,20;#N/A;0,82;2,65;#N/A;0,97;3,08;#N/A;0,79;1,20;#N/A;1,11;1,47;#N/A;1,27;1,60;#N/A;1,25;-1,60;#N/A;0,94;-0,60;#N/A;3,98;-0,50;#N/A;4,90;6;4;4;4;18;23,11;0;0;0;0;4;1;0;0;4;1;2;7;9;6;9;16;37,02;544,47;4;1;16,64;4;39;2,00;0,05;2;45;44;0;1;97,78;0;2,22;16;33,03;17,04;33,03;1,00;0;0;0;0;63,3;0;0;63,3;0;0;0;0;0;0;0;0;10,39;10,39;0;0;0;0;31,52;0;32
FOU2A1;38;162;8;100;40;124;193;73;244;361;Sault;Fougax_et_Barrineuf;9;884,8;42,86574801;1,935269963;Disturbed;2a;2low;low;no;na;0,65;high;5;high;13;1;high;medium;1,00;0,85;0,70;1,56;1,76;2,01;0,08;#N/A;17,97;0,95;#N/A;2,21;1,34;#N/A;1,70;1,25;#N/A;1,09;1,71;#N/A;0,96;2,41;#N/A;0,79;3,33;#N/A;0,72;2,61;#N/A;0,83;2,28;#N/A;0,96;1,58;#N/A;1,35;0,66;#N/A;3,34;0,92;#N/A;4,29;6;3;1;17;7;8,15;0;0;0;0;9;0;0;0;1;4;0;1;1;4;8;13;69,01;301,87;45,4;0;16,43;3;41;2,00;0,05;2;47;46;1;0;97,87;2,13;0;9;9;0;9;1,00;21,05;0;117,47;0;26,96;0;0;26,96;0;0;0;0;0;3,31;0;0;0;0;0;0;0;0;7,07;0;7
FOU4B2.1;19;92;6;38;24;68;106;46;128;190;Sault;Fougax_et_Barrineuf;9;903,1;42,86714503;1,945050973;Salvaged;4b;3high;high;yes;yes;0,35;low;0;low;7;0;low;salvaged;1,00;0,77;0,72;3,30;2,77;2,75;3,00;#N/A;0,26;2,39;#N/A;0,94;2,43;#N/A;1,11;2,70;#N/A;0,64;2,56;#N/A;0,81;2,80;#N/A;0,77;4,20;#N/A;0,53;3,36;#N/A;0,66;3,04;#N/A;0,74;1,40;#N/A;1,12;1,56;#N/A;2,37;2,00;#N/A;3,40;6;3;1;5;0;5,6;0;0;0;0;5;0;1;0;4;3;0;2;2;5;9;15;72,71;675,12;6,1;0;10,19;4;48;0,00;0,00;1;56;56;0;0;100;0;0;38,49;39,49;1;39,49;1,00;23,31;7,22;81,28;0;64,14;0;0;64,14;0;0;0;0;0;0;0;8,73;0;8,73;0;0;0;0;0;0;0
GOU3B1;7;137;8;31;37;74;125;49;150;227;Aure;Gouaux;65;1447;42,844392;0,381135;Disturbed;3b;3high;high;no;no;0,95;high;15;high;19;3;high;high;0,96;0,68;0,54;5,37;5,25;5,14;9,89;#N/A;0,85;9,24;#N/A;0,77;9,08;#N/A;0,81;3,78;#N/A;0,92;3,94;#N/A;0,88;2,97;#N/A;1,04;2,44;#N/A;1,13;2,56;#N/A;1,37;3,36;#N/A;0,95;-3,67;#N/A;0,75;-2,76;#N/A;0,96;-1,45;#N/A;2,34;6;4;7;18;8;12,92;0;0;0;0;9;0;2;0;0;1;0;0;0;3;13;11;40,09;345,24;70;0;36,61;3;24;0,00;0,00;1;34;34;0;0;100;0;0;36,99;39,49;2,5;39,49;1,00;29,2;10,85;97,62;0;4,08;4,08;0;8,16;0;2,2;0;2,2;0;71,33;0;22,1;8,82;30,92;16,74;0;0;0;0;0;0
GOU4B1;18;206;10;128;50;141;216;94;263;419;Aure;Gouaux;65;1450;42,858618;0,382687;Salvaged;4b;3high;high;yes;yes;0,80;high;0;low;16;0;medium;salvaged;0,99;0,98;0,81;3,89;3,04;3,37;3,92;#N/A;0,81;4,84;#N/A;0,61;5,45;#N/A;0,65;4,00;#N/A;0,94;1,21;#N/A;2,39;1,64;#N/A;1,84;3,75;#N/A;0,52;3,05;#N/A;0,60;3,03;#N/A;0,78;4,58;#N/A;0,76;2,40;#N/A;1,30;1,47;#N/A;2,39;4;4;17;25;13;13,07;0;0;0;0;15;0;0;0;0;3;1;1;2;4;10;20;66,2;372,64;80;0;30,78;2;27;0,00;0,00;1;36;36;0;0;100;0;0;8;13;5;13;1,00;9,95;10,57;164,86;0;0;13,15;0;13,15;0;10,83;10,39;21,22;0;84,51;4,53;0;0;4,53;0;0;0;0;0;0;0
HEC3A1;19;202;12;56;23;105;165;79;191;323;Aure;Heches;65;1296;42,990304;0,416893;Disturbed;3a;3high;low;no;no;0,70;high;5;high;14;1;high;medium;0,99;0,66;0,52;3,85;3,97;4,42;5,00;#N/A;0,64;5,51;#N/A;0,67;6,18;#N/A;0,79;2,78;#N/A;0,47;3,14;#N/A;1,13;2,93;#N/A;1,22;3,78;#N/A;1,09;3,27;#N/A;1,30;4,15;#N/A;1,30;-1,78;#N/A;1,09;-1,61;#N/A;1,48;-1,53;#N/A;1,91;3;4;8;7;16;10,2;0;0;0;0;7;0;0;0;0;4;1;4;5;4;9;15;67,38;468,22;75;0;43,68;1;16;1,00;0,06;1;20;20;0;0;100;0;0;8;26,33;18,34;26,33;1,00;0;10,84;174,31;0;0;0;0;0;0;0;0;0;0;0;0;0;0;0;0;0;0;0;17,88;0;18
HECGF1A3;13;190;8;100;41;115;189;81;223;357;Aure;Heches;65;960;42,991953;0,325686;Healthy;1a;1healthy;low;na;na;0,45;low;0;low;9;0;low;low;0,00;0,01;0,06;5,48;4,16;4,05;7,29;#N/A;0,39;5,17;#N/A;0,53;5,35;#N/A;0,96;6,86;#N/A;0,48;5,64;#N/A;0,54;4,85;#N/A;0,84;2,29;#N/A;1,34;1,67;#N/A;1,53;1,96;#N/A;2,09;-2,14;#N/A;1,31;-0,14;#N/A;29,01;-0,59;#N/A;6,38;5;4;7;9;6;9,77;1;0;1;0;15;0;0;1;2;9;1;1;3;8;13;19;47,34;500,86;13;1;13,1;4;25;3,00;0,11;2;29;25;0;4;86,21;0;13,79;13;46,43;33,43;33,43;0,72;5,3;3,66;98,19;0;31,42;0;0;31,42;0;0;0;0;0;2,46;0;62,6;0;62,6;0;0;0;7,31;0;0;7
HECGF2A2;10;139;6;89;23;89;154;54;189;271;Aure;Heches;65;854;42,990933;0,330944;Disturbed;2a;2low;low;no;na;0,60;low;5;high;12;1;medium;medium;0,00;0,02;0,06;3,96;3,13;4,01;3,67;#N/A;0,60;4,34;#N/A;0,71;5,86;#N/A;1,10;6,44;#N/A;0,44;4,86;#N/A;0,74;4,47;#N/A;1,01;1,78;#N/A;1,37;0,20;#N/A;14,48;1,71;#N/A;2,38;-3,78;#N/A;0,39;-1,66;#N/A;2,36;-0,92;#N/A;4,32;3;4;2;1;6;27,12;0;0;1;0;3;0;0;0;16;2;0;1;1;5;11;19;34,34;637,94;0,6;0;21,63;4;31;2,00;0,06;2;35;34;0;1;97,14;0;2,86;1;24,92;23,92;24,92;1,00;7,22;3,31;28,38;0;0;0;0;0;7,84;0;0;0;0;0;0;163,26;0;163,26;0;0;0;0;0;0;0
ILH2A1;18;180;8;89;25;110;177;80;207;326;Aure;Heches;65;1373;42,988058;0,414755;Disturbed;2a;2low;low;no;na;0,95;high;5;high;19;1;high;high;0,95;0,65;0,55;2,64;5,14;4,22;3,27;#N/A;0,98;6,54;#N/A;0,80;6,09;#N/A;0,76;1,91;#N/A;0,61;4,06;#N/A;0,87;2,71;#N/A;1,38;2,73;#N/A;1,52;4,82;#N/A;1,29;3,85;#N/A;1,46;-2,55;#N/A;0,54;-1,22;#N/A;2,09;-1,71;#N/A;1,86;2;4;4;8;49;46,06;1;0;0;0;17;1;2;1;0;10;1;1;3;8;10;26;27,59;377,93;20;0;22,26;4;36;1,00;0,03;1;42;42;0;0;100;0;0;20,99;35,22;14,23;35,22;1,00;6,57;1,99;51,88;0;3,44;2,94;0;6,38;0;0;0;0;0;0;0;0;39,29;39,29;4,41;0;0;0;2,76;0;3
MER2B1;22;87;14;53;26;75;120;48;147;214;Sault;Niort_de_Sault;11;1451,8;42,76784596;1,997433007;Disturbed;2b;2low;high;no;na;0,80;high;5;high;16;1;high;medium;0,89;0,74;0,60;2,83;3,78;4,27;5,50;#N/A;0,53;6,27;#N/A;0,61;7,26;#N/A;0,68;2,00;#N/A;1,38;3,43;#N/A;0,87;3,90;#N/A;0,91;1,00;#N/A;2,61;1,63;#N/A;1,86;1,64;#N/A;2,00;-0,90;#N/A;2,08;-0,73;#N/A;4,03;0,00;#N/A;0,00;6;3;4;2;1;0;0;0;0;0;0;1;0;0;0;0;0;2;2;2;13;3;41,31;330,75;4;0;5,82;4;47;2,00;0,04;2;51;39;0;12;76,47;0;23,53;8;34,12;26,13;34,12;1,00;4,71;8,14;8,42;0;26,93;0;0;26,93;26,49;0;0;0;0;18,86;0;0;0;0;0;0;0;0;0;20,78;21
MER4B1.2;21;157;7;69;34;97;159;63;193;295;Sault;Niort_de_Sault;11;1557,3;42,77885802;2,001877008;Salvaged;4b;3high;high;yes;yes;0,80;high;0;low;16;0;medium;salvaged;0,70;0,57;0,47;2,43;3,13;3,50;6,90;#N/A;0,58;6,15;#N/A;0,64;5,99;#N/A;0,65;2,70;#N/A;0,91;2,96;#N/A;0,90;3,79;#N/A;0,75;-2,30;#N/A;0,85;0,29;#N/A;9,48;0,72;#N/A;3,84;-2,20;#N/A;1,79;0,65;#N/A;5,53;0,72;#N/A;4,33;2;4;3;4;0;0;0;0;0;0;14;0;0;0;0;1;1;1;2;4;11;17;152;983,72;3,5;0;12,27;4;40;0,00;0,00;2;45;38;0;7;84,44;0;15,56;2;8;6;7;0,88;3,92;7,57;293,43;0;0;0;0;0;42,4;0;0;0;0;38,25;20,78;0;0;20,78;0;0;0;0;26,49;28,29;55
NISE1A1;22;78;8;43;32;68;108;44;132;194;Aure;Nistos;65;1030;42,984276;0,477635;Disturbed;1a;1healthy;low;na;na;0,65;high;0;low;13;0;medium;medium;0,35;0,15;0,15;3,19;3,18;2,94;5,11;#N/A;0,41;4,38;#N/A;0,50;4,72;#N/A;0,55;1,33;#N/A;2,24;1,65;#N/A;1,78;1,36;#N/A;2,03;3,11;#N/A;1,03;3,50;#N/A;0,76;2,74;#N/A;1,09;-2,56;#N/A;0,83;-1,79;#N/A;1,55;-0,94;#N/A;3,09;5;4;3;3;9;9,9;0;0;0;0;15;2;0;0;0;3;0;1;1;4;8;20;23,1;280,32;65;0;21,42;3;17;0,00;0,00;2;19;15;0;4;78,95;0;21,05;10;11;1;10;0,91;0;7,22;18,45;0;0;0;0;0;27,76;0;0;0;0;0;0;0;0;0;0;0;0;0;0;39,29;39
NISE1A2;19;136;11;58;33;90;143;59;174;270;Aure;Nistos;65;1330;42,965282;0,474635;Disturbed;1a;1healthy;low;na;na;0,90;high;0;low;18;0;medium;medium;0,98;0,55;0,41;2,50;3,12;3,45;5,20;#N/A;0,35;5,59;#N/A;0,72;5,38;#N/A;0,71;1,00;#N/A;3,13;1,80;#N/A;2,08;2,47;#N/A;1,70;1,30;#N/A;2,53;1,98;#N/A;1,65;2,51;#N/A;1,51;-2,60;#N/A;0,83;-1,50;#N/A;2,41;-1,08;#N/A;4,01;4;4;3;12;3;10,53;0;0;0;0;8;0;0;0;0;6;0;3;3;3;10;13;62,33;644;26,3;2;20,59;3;26;1,00;0,04;2;30;26;0;4;86,67;0;13,33;19,99;32,83;12,83;14;0,43;11,09;0;171,81;0;0;0;0;0;0;0;0;0;0;0;0;75,32;0;75,32;0;0;0;0;8,42;10,18;19
NISE1A3;20;50;6;11;16;38;61;26;73;109;Aure;Nistos;65;1430;42,964101;0,467242;Disturbed;1a;1healthy;low;na;na;0,90;high;5;high;18;1;high;high;0,77;0,52;0,48;1,42;3,17;3,50;3,13;#N/A;0,67;5,10;#N/A;0,79;4,97;#N/A;0,72;-0,38;#N/A;7,30;2,06;#N/A;2,12;2,97;#N/A;1,42;1,50;#N/A;2,43;2,35;#N/A;1,29;2,55;#N/A;1,43;-4,25;#N/A;0,51;-1,90;#N/A;1,77;-1,64;#N/A;2,26;2;4;10;11;5;0;1;0;0;0;16;0;0;0;0;4;1;5;7;5;10;23;34,68;655,15;20;0;9,78;3;33;1,00;0,03;2;39;34;0;5;87,18;0;12,82;19,99;33,86;13,87;33,86;1,00;2,92;5,52;53,59;4,21;0;0;0;4,21;14,43;0;0;0;0;0;0;0;0;0;0;0;27,58;0;0;14,43;42
NISW1A1;10;96;3;42;28;69;92;46;115;187;Aure;Nistos;65;1280;42,973043;0,438573;Healthy;1a;1healthy;low;na;na;0,35;low;0;low;7;0;low;low;0,51;0,64;0,51;4,17;3,87;4,12;4,63;#N/A;0,39;6,98;#N/A;0,42;6,90;#N/A;0,61;2,13;#N/A;1,06;1,53;#N/A;2,48;2,14;#N/A;2,31;5,75;#N/A;0,59;3,09;#N/A;1,37;3,33;#N/A;1,49;1,75;#N/A;0,80;-2,37;#N/A;1,90;-2,69;#N/A;1,61;2;4;2;7;6;10,65;0;0;0;0;18;1;1;0;0;1;2;1;3;6;13;22;32,68;429,66;3,8;0;15,18;4;24;0,00;0,00;2;30;27;0;3;90;0;10;14,5;18,5;4;18,5;1,00;3,01;7,96;24,52;0;20,1;0;0;20,1;5,05;0;0;0;0;0;0;65,71;16,77;82,48;9,06;6,62;0;0;0;0;7
NISW1A2;18;138;11;71;36;115;137;78;174;285;Aure;Nistos;65;1391;42,985233;0,430842;Disturbed;1a;1healthy;low;na;na;1,00;high;0;low;20;0;medium;high;0,91;0,74;0,60;3,04;3,74;3,78;5,33;#N/A;0,96;6,86;#N/A;0,83;5,79;#N/A;0,87;1,78;#N/A;2,08;1,00;#N/A;3,22;1,68;#N/A;1,89;2,00;#N/A;2,20;3,38;#N/A;1,57;3,88;#N/A;1,49;-2,00;#N/A;1,05;-2,30;#N/A;1,69;-1,95;#N/A;1,86;4;4;10;12;11;6,85;0;0;0;0;20;0;0;0;0;4;1;2;3;4;7;27;19,11;372,45;3,75;0;8,11;4;21;0,00;0,00;3;26;24;0;2;92,31;0;7,69;16;21,99;6;18;0,82;5,09;13,09;32;3,11;0;0;0;3,11;0;0;0;0;0;0;0;15,38;0;15,38;0;0;0;0;0;0;0
NISW2A1;19;129;9;88;29;95;146;60;181;280;Aure;Sarrancolin;65;1405;42,965114;0,443573;Disturbed;2a;2low;low;no;na;0,85;high;5;high;17;1;high;medium;0,97;0,78;0,56;3,07;4,88;4,39;6,90;#N/A;0,37;7,75;#N/A;0,63;7,17;#N/A;0,69;0,80;#N/A;3,74;3,25;#N/A;1,72;3,30;#N/A;1,48;1,50;#N/A;1,37;3,63;#N/A;1,49;2,71;#N/A;1,80;-5,70;#N/A;0,56;-3,27;#N/A;0,95;-2,63;#N/A;1,28;4;4;19;24;15;23,28;0;0;0;1;10;1;0;0;0;2;2;1;3;6;12;14;51,84;440,68;16;0;13,1;3;25;1,00;0,04;2;38;37;0;1;97,37;0;2,63;24,49;40,5;16,01;40,5;1,00;12,46;12,34;82,89;0;3,98;9,79;0;13,77;6,03;0;0;0;9,06;0;0;0;0;0;0;0;0;0;0;3,98;4
PEY1B1;32;101;12;50;38;88;121;63;146;246;Sault;Belvis;11;871;42,84928897;2,104171012;Healthy;1b;1healthy;high;na;na;0,40;low;0;low;8;0;low;low;0,52;0,30;0,24;6,40;5,41;4,79;5,40;#N/A;0,40;5,43;#N/A;0,60;4,49;#N/A;0,80;6,60;#N/A;0,24;5,47;#N/A;0,43;5,19;#N/A;0,56;7,20;#N/A;0,24;5,33;#N/A;0,43;4,69;#N/A;0,50;6,30;#N/A;0,24;4,67;#N/A;0,75;3,34;#N/A;1,06;8;2;2;9;2;2,75;0;0;0;1;5;0;0;0;3;0;0;0;0;3;6;8;61,36;305,07;50;0;17,06;3;49;0,00;0,00;2;52;51;0;1;98,08;0;1,92;2;3;1;3;1,00;5,09;0;108,49;0;14,24;0;0;14,24;0;0;0;0;0;86,08;0;0;0;0;0;0;0;0;0;0;0
PEYR3A1;28;140;5;75;44;109;154;67;196;300;Sault;Belvis;11;994;42,84496198;2,112788027;Disturbed;3a;3high;low;no;no;0,65;high;5;high;13;1;high;medium;0,61;0,42;0,32;5,52;5,51;4,89;4,44;#N/A;0,59;5,10;#N/A;0,56;4,76;#N/A;0,72;6,22;#N/A;0,36;6,26;#N/A;0,42;5,40;#N/A;0,52;5,89;#N/A;0,25;5,17;#N/A;0,40;4,53;#N/A;0,55;3,44;#N/A;0,41;3,26;#N/A;0,84;2,83;#N/A;1,18;12;4;26;36;4;0;0;0;0;0;1;0;2;2;11;0;0;0;0;4;14;14;33,2;1178,65;69,6;0;26,42;4;15;7,00;0,32;3;46;41;4;1;89,13;8,7;2,17;150,96;219,92;68,96;204,39;0,93;7,96;14,43;32,47;0;0;0;0;0;0;0;0;0;20,78;56,72;57,45;34,92;0;92,37;13,15;0;0;0;0;0;0
PUI1A1;24;66;11;52;31;56;119;39;136;196;Sault;Puivert;11;964;42,88298196;2,018333031;Healthy;1a;1healthy;low;na;na;0,40;low;0;low;8;0;low;low;0,84;0,86;0,81;4,97;4,60;4,42;2,40;#N/A;0,38;2,85;#N/A;0,63;2,80;#N/A;0,71;5,80;#N/A;0,19;5,34;#N/A;0,28;5,12;#N/A;0,39;6,70;#N/A;0,41;5,61;#N/A;0,39;5,34;#N/A;0,46;0,60;#N/A;3,43;1,11;#N/A;2,42;0,95;#N/A;3,42;8;4;1;4;32;71,88;0;0;0;0;0;0;0;0;12;2;0;0;0;2;13;14;32,7;676,67;15,3;0;15,18;4;66;2,00;0,03;1;69;69;0;0;100;0;0;0;22,13;22,13;22,13;1,00;0;7,19;42,19;0;9,41;0;0;9,41;10,72;0;0;0;0;20,6;0;16,49;0;16,49;0;0;0;0;8,12;0;8
SAR1A3;27;117;8;49;22;73;120;52;141;231;Aure;Sarrancolin;65;1052;42,982117;0,403709;Healthy;1a;1healthy;low;na;na;0,60;low;0;low;12;0;low;medium;0,28;0,31;0,30;3,00;3,49;4,12;5,20;#N/A;0,45;5,81;#N/A;0,64;5,47;#N/A;0,61;3,60;#N/A;1,26;2,64;#N/A;1,81;2,85;#N/A;1,46;0,20;#N/A;13,38;2,03;#N/A;1,83;4,05;#N/A;1,41;-2,30;#N/A;1,76;-1,14;#N/A;2,75;-1,31;#N/A;2,12;3;3;0;0;1;0;0;0;0;0;2;0;0;0;0;4;0;1;1;3;8;6;58,38;1179,47;1,5;0;14,77;4;40;2,00;0,05;2;40;37;0;3;92,5;0;7,5;0;0;0;0;#VALEUR!;0;0;40,01;0;71,79;0;0;71,79;0;0;0;0;0;0;0;0;0;0;0;0;0;0;15,14;0;15
SAR4B1;25;260;17;116;40;151;245;108;288;469;Aure;Heches;65;1339;42,986194;0,412343;Salvaged;4b;3high;high;yes;yes;0,90;high;0;low;18;0;medium;salvaged;0,76;0,67;0,51;2,94;5,22;4,21;3,18;#N/A;0,73;6,40;#N/A;0,80;5,95;#N/A;0,85;3,36;#N/A;1,05;4,13;#N/A;0,87;2,72;#N/A;1,44;2,27;#N/A;0,86;5,12;#N/A;1,18;3,98;#N/A;1,48;-2,27;#N/A;0,73;-1,33;#N/A;1,84;-1,84;#N/A;1,76;3;4;6;8;9;14,97;0;0;0;0;10;0;1;0;0;2;0;1;1;4;7;12;23,21;233,43;34,4;0;16,64;4;16;1,00;0,06;1;17;17;0;0;100;0;0;0;10,46;10,46;10,46;1,00;0;0;41,28;0;0;0;0;0;0;0;0;0;0;1,41;0;0;0;0;0;0;0;0;19,11;0;19