﻿Plot;Dieback;Type;District
ANC4B4;High;Salvaged;Aure
ARD3B1;High;Disturbed;Aure
ARD3B2;High;Disturbed;Aure
ARR3A1;High;Disturbed;Aure
ARR4B1;High;Salvaged;Aure
BAR1A1;Medium;Disturbed;Aure
BAR1A2;Medium;Disturbed;Aure
BAR1A3;Low;Healthy;Aure
BARE2B1;High;Disturbed;Aure
BARE2B2;High;Disturbed;Aure
BELGL1A7;Low;Healthy;Sault
BELGL1B5;Low;Healthy;Sault
BELGL1B6;Low;Healthy;Sault
BELGL2B1;Low;Healthy;Sault
BELGL3A8;High;Disturbed;Sault
BELGL3B4;High;Disturbed;Sault
BELGL4B3;Medium;Salvaged;Sault
BEY2B1;Low;Healthy;Aure
BEY4B3;High;Salvaged;Aure
CAD3B1;High;Disturbed;Aure
CAD4B2;Medium;Salvaged;Aure
COL1A2;Low;Healthy;Sault
COM1B1;Low;Healthy;Sault
COM1B2;Low;Healthy;Sault
COM2B1;Low;Healthy;Sault
COM3B2;High;Disturbed;Sault
COM4B1.1;Low;Salvaged;Sault
COMU1A1;Medium;Disturbed;Sault
COMU2A1;Medium;Disturbed;Sault
COMU2A2;Medium;Disturbed;Sault
COMU3A1;High;Disturbed;Sault
COMU3B1;High;Disturbed;Sault
COMU4B1.1;High;Salvaged;Sault
COMU4B1.3;Medium;Salvaged;Sault
FOU1A1;Low;Healthy;Sault
FOU2A1;High;Disturbed;Sault
FOU4B2.1;Low;Salvaged;Sault
GOU3B1;High;Disturbed;Aure
GOU4B1;Medium;Salvaged;Aure
HEC3A1;High;Disturbed;Aure
HECGF1A3;Low;Healthy;Aure
HECGF2A2;Medium;Disturbed;Aure
ILH2A1;High;Disturbed;Aure
MER2B1;High;Disturbed;Sault
MER4B1.2;Medium;Salvaged;Sault
NISE1A1;Medium;Disturbed;Aure
NISE1A2;Medium;Disturbed;Aure
NISE1A3;High;Disturbed;Aure
NISW1A1;Low;Healthy;Aure
NISW1A2;Medium;Disturbed;Aure
NISW2A1;High;Disturbed;Aure
PEY1B1;Low;Healthy;Sault
PEYR3A1;High;Disturbed;Sault
PUI1A1;Low;Healthy;Sault
SAR1A3;Low;Healthy;Aure
SAR4B1;Medium;Salvaged;Aure